1#Maria#Mora#Gabiria#Calle 0, Colonia Industrial 0, CDMX#alquimista estatal#Maria_0#1234
2#Juana#Hidalgo#Hidalgo#Calle 1, Colonia Industrial 1, CDMX#programador#Juana_1#1235
3#Rosa#Urbina#Ximenez#Calle 2, Colonia Industrial 2, CDMX#biologo marino#Rosa_2#1236
4#Alberto#Yeste#Diaz#Calle 3, Colonia Industrial 3, CDMX#ninja#Alberto_3#1237
5#Elvira#Ximenez#Nuñez#Calle 4, Colonia Industrial 4, CDMX#ninja#Elvira_4#1238
6#Ana#Wester#Zapata#Calle 5, Colonia Industrial 5, CDMX#programador#Ana_5#1239
7#Delia#Vasquez#Suarez#Calle 6, Colonia Industrial 6, CDMX#heroe profesional#Delia_6#1240
8#Juana#Borges#Palencia#Calle 7, Colonia Industrial 7, CDMX#carnicero#Juana_7#1241
9#Juana#Álvarez#Palencia#Calle 8, Colonia Industrial 8, CDMX#carnicero#Juana_8#1242
10#Juana#Wester#Hidalgo#Calle 9, Colonia Industrial 9, CDMX#cazador de demonios#Juana_9#1243
11#Angela#Ximenez#Urbina#Calle 10, Colonia Industrial 10, CDMX#programador#Angela_10#1244
12#Carmen#Wester#King#Calle 11, Colonia Industrial 11, CDMX#heroe profesional#Carmen_11#1245
13#Francisco#Wester#Ruiz#Calle 12, Colonia Industrial 12, CDMX#biologo marino#Francisco_12#1246
14#Miguel#Nuñez#King#Calle 13, Colonia Industrial 13, CDMX#heroe clase S#Miguel_13#1247
15#Dora#Jiménez#Wester#Calle 14, Colonia Industrial 14, CDMX#ninja#Dora_14#1248
16#Margarita#Ortiz#Borges#Calle 15, Colonia Industrial 15, CDMX#alquimista estatal#Margarita_15#1249
17#Carmen#Enriquez#Urbina#Calle 16, Colonia Industrial 16, CDMX#alquimista estatal#Carmen_16#1250
18#Ana#Diaz#Álvarez#Calle 17, Colonia Industrial 17, CDMX#carnicero#Ana_17#1251
19#Jose#Gabiria#Álvarez#Calle 18, Colonia Industrial 18, CDMX#ninja#Jose_18#1252
20#Carmen#Palencia#Cedeño#Calle 19, Colonia Industrial 19, CDMX#carnicero#Carmen_19#1253
21#Ana#Ortiz#Wester#Calle 20, Colonia Industrial 20, CDMX#heroe clase S#Ana_20#1254
22#Juana#Suarez#Cedeño#Calle 21, Colonia Industrial 21, CDMX#carnicero#Juana_21#1255
23#Angela#Urbina#Zapata#Calle 22, Colonia Industrial 22, CDMX#carnicero#Angela_22#1256
24#Rosa#Hidalgo#Quintero#Calle 23, Colonia Industrial 23, CDMX#carnicero#Rosa_23#1257
25#Josefa#Borges#López#Calle 24, Colonia Industrial 24, CDMX#cazador de demonios#Josefa_24#1258
26#Angela#Ortiz#López#Calle 25, Colonia Industrial 25, CDMX#biologo marino#Angela_25#1259
27#Miguel#López#King#Calle 26, Colonia Industrial 26, CDMX#heroe profesional#Miguel_26#1260
28#Elvira#Zapata#Vasquez#Calle 27, Colonia Industrial 27, CDMX#cazador de demonios#Elvira_27#1261
29#Dora#Hidalgo#Suarez#Calle 28, Colonia Industrial 28, CDMX#programador#Dora_28#1262
30#Magda#Hidalgo#Zapata#Calle 29, Colonia Industrial 29, CDMX#biologo marino#Magda_29#1263
31#Emilia#King#Vasquez#Calle 30, Colonia Industrial 30, CDMX#biologo marino#Emilia_30#1264
32#Alberto#Iglesias#Zapata#Calle 31, Colonia Industrial 31, CDMX#biologo marino#Alberto_31#1265
33#Alberto#Álvarez#Torres#Calle 32, Colonia Industrial 32, CDMX#biologo marino#Alberto_32#1266
34#Miguel#Ruiz#Quintero#Calle 33, Colonia Industrial 33, CDMX#biologo marino#Miguel_33#1267
35#Jose#Yeste#Jiménez#Calle 34, Colonia Industrial 34, CDMX#heroe clase S#Jose_34#1268
36#Maria#Ruiz#Quintero#Calle 35, Colonia Industrial 35, CDMX#heroe profesional#Maria_35#1269
37#Francisco#Wester#Quintero#Calle 36, Colonia Industrial 36, CDMX#programador#Francisco_36#1270
38#Alberto#Ortiz#Flores#Calle 37, Colonia Industrial 37, CDMX#cazador de demonios#Alberto_37#1271
39#Juana#Zapata#Diaz#Calle 38, Colonia Industrial 38, CDMX#alquimista estatal#Juana_38#1272
40#Ana#Álvarez#Borges#Calle 39, Colonia Industrial 39, CDMX#alquimista estatal#Ana_39#1273
41#Delia#Hidalgo#Torres#Calle 40, Colonia Industrial 40, CDMX#biologo marino#Delia_40#1274
42#Miguel#King#Borges#Calle 41, Colonia Industrial 41, CDMX#ninja#Miguel_41#1275
43#Josefa#King#Flores#Calle 42, Colonia Industrial 42, CDMX#programador#Josefa_42#1276
44#Elvira#López#Zapata#Calle 43, Colonia Industrial 43, CDMX#programador#Elvira_43#1277
45#Magda#Ruiz#Flores#Calle 44, Colonia Industrial 44, CDMX#alquimista estatal#Magda_44#1278
46#Elvira#Wester#Hidalgo#Calle 45, Colonia Industrial 45, CDMX#ninja#Elvira_45#1279
47#Vicente#Wester#Gabiria#Calle 46, Colonia Industrial 46, CDMX#biologo marino#Vicente_46#1280
48#Angela#Gabiria#Nuñez#Calle 47, Colonia Industrial 47, CDMX#biologo marino#Angela_47#1281
49#Maria#Torres#Zapata#Calle 48, Colonia Industrial 48, CDMX#heroe clase S#Maria_48#1282
50#Magda#Palencia#Borges#Calle 49, Colonia Industrial 49, CDMX#cazador de demonios#Magda_49#1283
51#Jose#Palencia#Hidalgo#Calle 50, Colonia Industrial 50, CDMX#carnicero#Jose_50#1284
52#Miguel#Torres#Álvarez#Calle 51, Colonia Industrial 51, CDMX#carnicero#Miguel_51#1285
53#Alberto#López#Palencia#Calle 52, Colonia Industrial 52, CDMX#alquimista estatal#Alberto_52#1286
54#Margarita#Iglesias#Palencia#Calle 53, Colonia Industrial 53, CDMX#alquimista estatal#Margarita_53#1287
55#Emilia#Iglesias#Torres#Calle 54, Colonia Industrial 54, CDMX#heroe clase S#Emilia_54#1288
56#Jose#Gabiria#Ximenez#Calle 55, Colonia Industrial 55, CDMX#cazador de demonios#Jose_55#1289
57#Margarita#Flores#Nuñez#Calle 56, Colonia Industrial 56, CDMX#ninja#Margarita_56#1290
58#Magda#Iglesias#Wester#Calle 57, Colonia Industrial 57, CDMX#cazador de demonios#Magda_57#1291
59#Alberto#Vasquez#Urbina#Calle 58, Colonia Industrial 58, CDMX#biologo marino#Alberto_58#1292
60#Alberto#Yeste#Cedeño#Calle 59, Colonia Industrial 59, CDMX#cazador de demonios#Alberto_59#1293
61#Magda#Wester#Hidalgo#Calle 60, Colonia Industrial 60, CDMX#ninja#Magda_60#1294
62#Pedro#Torres#Palencia#Calle 61, Colonia Industrial 61, CDMX#carnicero#Pedro_61#1295
63#Angela#Palencia#Yeste#Calle 62, Colonia Industrial 62, CDMX#ninja#Angela_62#1296
64#Pedro#López#Vasquez#Calle 63, Colonia Industrial 63, CDMX#carnicero#Pedro_63#1297
65#Angela#King#Enriquez#Calle 64, Colonia Industrial 64, CDMX#alquimista estatal#Angela_64#1298
66#Rosa#Jiménez#Nuñez#Calle 65, Colonia Industrial 65, CDMX#heroe profesional#Rosa_65#1299
67#Alberto#Quintero#Cedeño#Calle 66, Colonia Industrial 66, CDMX#heroe profesional#Alberto_66#1300
68#Ana#Torres#Suarez#Calle 67, Colonia Industrial 67, CDMX#heroe profesional#Ana_67#1301
69#Jose#Gabiria#Wester#Calle 68, Colonia Industrial 68, CDMX#alquimista estatal#Jose_68#1302
70#Vicente#Borges#Yeste#Calle 69, Colonia Industrial 69, CDMX#carnicero#Vicente_69#1303
71#Maria#Nuñez#Torres#Calle 70, Colonia Industrial 70, CDMX#biologo marino#Maria_70#1304
72#Maria#Álvarez#Iglesias#Calle 71, Colonia Industrial 71, CDMX#biologo marino#Maria_71#1305
73#Angela#Suarez#Vasquez#Calle 72, Colonia Industrial 72, CDMX#alquimista estatal#Angela_72#1306
74#Maria#Flores#Torres#Calle 73, Colonia Industrial 73, CDMX#cazador de demonios#Maria_73#1307
75#Angela#Ortiz#Gabiria#Calle 74, Colonia Industrial 74, CDMX#carnicero#Angela_74#1308
76#Vicente#King#Enriquez#Calle 75, Colonia Industrial 75, CDMX#programador#Vicente_75#1309
77#Delia#Diaz#Yeste#Calle 76, Colonia Industrial 76, CDMX#alquimista estatal#Delia_76#1310
78#Angela#Yeste#Jiménez#Calle 77, Colonia Industrial 77, CDMX#heroe clase S#Angela_77#1311
79#Jose#Wester#Gabiria#Calle 78, Colonia Industrial 78, CDMX#cazador de demonios#Jose_78#1312
80#Elvira#Gabiria#Cedeño#Calle 79, Colonia Industrial 79, CDMX#carnicero#Elvira_79#1313
81#Elvira#Wester#Palencia#Calle 80, Colonia Industrial 80, CDMX#heroe clase S#Elvira_80#1314
82#Juana#Nuñez#Borges#Calle 81, Colonia Industrial 81, CDMX#carnicero#Juana_81#1315
83#Carmen#Urbina#Mora#Calle 82, Colonia Industrial 82, CDMX#ninja#Carmen_82#1316
84#Margarita#Jiménez#Ortiz#Calle 83, Colonia Industrial 83, CDMX#cazador de demonios#Margarita_83#1317
85#Magda#Borges#Nuñez#Calle 84, Colonia Industrial 84, CDMX#biologo marino#Magda_84#1318
86#Elvira#Álvarez#Hidalgo#Calle 85, Colonia Industrial 85, CDMX#programador#Elvira_85#1319
87#Emilia#Jiménez#Zapata#Calle 86, Colonia Industrial 86, CDMX#ninja#Emilia_86#1320
88#Ana#Flores#Hidalgo#Calle 87, Colonia Industrial 87, CDMX#programador#Ana_87#1321
89#Juana#Iglesias#Jiménez#Calle 88, Colonia Industrial 88, CDMX#biologo marino#Juana_88#1322
90#Francisco#Flores#Cedeño#Calle 89, Colonia Industrial 89, CDMX#carnicero#Francisco_89#1323
91#Delia#Enriquez#Quintero#Calle 90, Colonia Industrial 90, CDMX#heroe clase S#Delia_90#1324
92#Margarita#Hidalgo#Gabiria#Calle 91, Colonia Industrial 91, CDMX#alquimista estatal#Margarita_91#1325
93#Rosa#Borges#King#Calle 92, Colonia Industrial 92, CDMX#heroe profesional#Rosa_92#1326
94#Angela#Diaz#Suarez#Calle 93, Colonia Industrial 93, CDMX#carnicero#Angela_93#1327
95#Magda#Iglesias#Jiménez#Calle 94, Colonia Industrial 94, CDMX#cazador de demonios#Magda_94#1328
96#Margarita#Enriquez#López#Calle 95, Colonia Industrial 95, CDMX#carnicero#Margarita_95#1329
97#Carmen#Diaz#Nuñez#Calle 96, Colonia Industrial 96, CDMX#biologo marino#Carmen_96#1330
98#Miguel#Iglesias#King#Calle 97, Colonia Industrial 97, CDMX#biologo marino#Miguel_97#1331
99#Magda#Enriquez#Torres#Calle 98, Colonia Industrial 98, CDMX#ninja#Magda_98#1332
100#Delia#Iglesias#Ruiz#Calle 99, Colonia Industrial 99, CDMX#programador#Delia_99#1333
